domain,col_nm,values
날짜,INP_DT,"['20211428', '20180926', '20190826', '20199926', '20190826', '20211029', '20190326', '20390926', '40190926', '20511028', '20251028', '20211088', '20190966', '20190929', '20211029', '20211928', '20190726', '20190526', '21211028', '20411028', '10190926', '20150926', '20170926', '20195926', '20191926', '29190926', '20211018', '20211028', '20211027', '20261028', '20160926', '20190929', '20190526', '20211058', '20190923', '20211098', '90211028', '20211928', '20194926', '20311028', '20511028', '20211728', '20190626', '25190926', '40190926', '20190922', '20211928', '29190926', '20193926', '27190926', '20190126', '10190926', '50211028', '20290926', '20211028', '20211038', '20281028', '20211058', '90190926', '20911028', '20211058', '20190926', '20211022', '22211028', '23190926', '20160926', '21190926', '24190926', '20215028', '20190936', '20190986', '20211098', '20192926', '20190926', '20790926', '26190926', '20211928', '20911028', '20511028', '23190926', '20130926', '80190926', '20190326', '20590926', '20690926', '20210028', '90211028', '20211528', '20190926', '20214028', '20190966', '20190926', '20211628', '90211028', '20211008', '20190922', '28190926', '20890926', '20311028', '20190966']"
날짜,INP_TM,"['184242', '146000', '140600', '140500', '180642', '184042', '640000', '184672', '144642', '140060', '187642', '184632', '184142', '140900', '140100', '184642', '145000', '284642', '164642', '140007', '184649', '140008', '184672', '184642', '140000', '184648', '184642', '140001', '184692', '140090', '284642', '144642', '984642', '140080', '140700', '184645', '484642', '184682', '140002', '884642', '184692', '184642', '184662', '440000', '140040', '185642', '186642', '284642', '184842', '184642', '140000', '140005', '140400', '170000', '140070', '184442', '160000', '140050', '884642', '188642', '184643', '194642', '114642', '340000', '984642', '184642', '184542', '140090', '440000', '540000', '140000', '140020', '140000', '140080', '284642', '184242', '140000', '984642', '884642', '184742', '140200', '182642', '740000', '140200', '184642', '140200', '140040', '148000', '184649', '144642', '184652', '184442', '584642', '140001', '134642', '140040', '140060', '185642', '740000', '184645']"
번호,UPT_USR_ID,"['MII201912', 'torbi02', 'LIG201912', 'noupoint', 'MIG200912', 'krrbi02', 'nonpoiyt', 'nonpoant', 'MIO201912', 'nmnpoint', 'UIG201912', 'MJG201912', 'nonpocnt', 'IIG201912', 'nxnpoint', 'nonpohnt', 'MIG203912', 'MIG207912', 'nonpoist', 'nonooint', 'korbk02', 'nwnpoint', 'kowbi02', 'nonpoiat', 'nojpoint', 'korri02', 'nonpoinb', 'nonboint', 'kolbi02', 'korbi02', 'MIG201312', 'oorbi02', 'kxrbi02', 'nonxoint', 'korgi02', 'lonpoint', 'MIG201012', 'korbi72', 'noopoint', 'kvrbi02', 'klrbi02', 'MIG201952', 'kurbi02', 'nonpojnt', 'nvnpoint', 'nonqoint', 'korbi02', 'nonpvint', 'noipoint', 'MIG211912', 'knrbi02', 'nonpoirt', 'MIG205912', 'korbi02', 'nocpoint', 'sorbi02', 'MIP201912', 'MII201912', 'nonpkint', 'nmnpoint', 'MIG201952', 'MIG801912', 'nonioint', 'korbs02', 'nolpoint', 'korbq02', 'nonkoint', 'MIG271912', 'QIG201912', 'nonpoont', 'ionpoint', 'korbi92', 'MIG201914', 'yorbi02', 'MDG201912', 'MIG201012', 'korbi01', 'konbi02', 'MFG201912', 'LIG201912', 'MIG201112', 'nonpcint', 'torbi02', 'nonpyint', 'MIG271912', 'AIG201912', 'nonxoint', 'MIG201915', 'nonpoist', 'nonpfint', 'sorbi02', 'MIG291912', 'MIG201812', 'korbv02', 'nonpoinl', 'nonpoznt', 'nonpoinn', 'nonpohnt', 'MIG501912', 'kokbi02']"
날짜,UPT_DT,"['20191429', '20191629', '10200331', '20490926', '20261028', '20192029', '20180926', '20191029', '20211025', '20199926', '20140926', '20190925', '20200338', '23200331', '20131008', '40191029', '20511028', '20195008', '20199029', '20191629', '20191008', '20200334', '20191088', '20191023', '20200331', '20190906', '27191029', '20000331', '20191608', '20191008', '20212028', '20000331', '22200331', '20200531', '20191098', '27211028', '20191079', '20200231', '20221028', '20205331', '20121008', '20191025', '27191008', '20200301', '20130926', '20201331', '20190326', '20190226', '24211028', '20192926', '20191048', '20191001', '20011028', '20211025', '20190726', '20194926', '20191529', '20191019', '20217028', '20211628', '20191929', '20151029', '20213028', '20131029', '26190926', '20191408', '25211028', '20391008', '20191508', '20197029', '20891029', '20190926', '20211528', '20191429', '50191029', '20191028', '20211828', '20190966', '25211028', '20291028', '20191009', '20211026', '20221028', '24191029', '20198926', '20191009', '20491008', '20191039', '29200331', '20200338', '20195008', '20791029', '20250331', '20190946', '20191020', '20191019', '20191099', '20200331', '20270331', '20190926']"
날짜,UPT_TM,"['373649', '170303', '173949', '176802', '554756', '172807', '190303', '154736', '177303', '270303', '180303', '654756', '172800', '170307', '179303', '170203', '173647', '172702', '173149', '110303', '154756', '254756', '140005', '172602', '148000', '172892', '140000', '172802', '140000', '145000', '170393', '172302', '179303', '150303', '154556', '173699', '171303', '173303', '154756', '173645', '170323', '554756', '173649', '140600', '170309', '110000', '172882', '154756', '154756', '170305', '173649', '172842', '170305', '740000', '272802', '140000', '178303', '940000', '175802', '540000', '173643', '373649', '154755', '173649', '178649', '373649', '140800', '164756', '172802', '172802', '954756', '171802', '124756', '171303', '170301', '110000', '178649', '102802', '102802', '172852', '140070', '112802', '673649', '140009', '140090', '170103', '140090', '170503', '372802', '973649', '170302', '154746', '140100', '172809', '174756', '173949', '152756', '154757', '170303', '140009']"
번호,RIV_NO,"['000004', '000401', '500003', '000004', '000009', '900001', '000001', '000008', '003001', '900001', '000001', '000004', '000063', '040001', '060001', '000005', '000604', '000005', '010005', '000003', '000605', '000009', '000071', '000071', '400001', '000082', '000002', '060004', '000801', '006002', '000201', '000006', '000007', '000093', '000000', '000001', '004002', '000024', '500005', '000091', '007004', '080004', '500005', '000022', '000008', '009002', '004004', '000005', '000033', '010004', '002004', '000203', '003002', '000305', '900005', '000008', '000006', '000001', '600002', '090001', '900002', '000062', '000304', '000504', '070001', '060003', '800003', '000001', '000004', '000301', '030005', '000033', '004005', '040001', '000009', '020002', '000803', '000021', '000405', '020003', '000001', '003003', '003004', '000033', '000004', '100005', '040004', '090003', '000005', '050002', '000034', '000005', '002005', '001004', '000804', '090003', '000004', '000091', '000002', '010002']"
,RIV_NM,"['뗐천', '대곡츖', '대곡츚', '금곡몭', '금곡륵', '대쇠천', '금카천', '대볼천', '남왐', '붯흥천', '신녴천', '금퓊천', '금놜천', '남엷', '쏚흥천', '대곡녮', '혶흥천', '남얔', '금컍천', '금산뽠', '퀒곡천', '신흥뿙', '쉹곡천', '신눝천', '풃곡천', '췆곡천', '신쫽천', '틛천', '금산띀', '귻흥천', '신흥헲', '대곡얁', '금산쫎', '대곡짢', '큲흥천', '금곡톶', '왱산천', '대쁁천', '놉곡천', '먕천', '줏천', '븺흥천', '금쇒천', '금댨천', '괓산천', '대곡혴', '대릜천', '엻곡천', '남쾶', '금뭄천', '금괵천', '힚곡천', '픔곡천', '남륮', '금곡섁', '금벫천', '큂천', '신듯천', '신앏천', '남뇨', '웑곡천', '금즁천', '대곡꺋', '금쉣천', '쿝곡천', '툽곡천', '금퐏천', '금산럇', '금표천', '쇠곡천', '남티', '금곡엟', '쨺천', '쇱천', '금산켗', '금닎천', '즉곡천', '튕흥천', '릲천', '괥천', '신룬천', '남췳', '금쵘천', '신흥졧', '남튰', '신흥꽴', '대곡얫', '맓산천', '금곡럪', '쥓산천', '금갃천', '신옋천', '남뭚', '대곡묜', '금릖천', '금곡칻', '금갩천', '쏙산천', '금곡늶', '금곹천']"
코드,RIV_GD_CD,"['0', '0', '1', 'NULL', '2', '7', 'NULL', '7', '6', 'NULL', '1', '0', '3', 'NULL', '0', '0', '9', '3', 'NULL', '9', '0', '8', '1', '7', '3', 'NULL', '0', '1', '0', '4', '0', '0', '3', '1', 'NULL', '0', 'NULL', 'NULL', '6', '3', '8', '0', '0', '9', '4', '9', '0', 'NULL', 'NULL', '0', 'NULL', 'NULL', '1', '3', '1', '4', '2', '0', '5', '0', '0', '0', 'NULL', 'NULL', '1', '5', 'NULL', '0', '0', '0', '3', '5', 'NULL', 'NULL', '1', '1', 'NULL', '5', '2', '1', '1', 'NULL', 'NULL', '0', '7', '2', '0', '5', 'NULL', '6', '1', '8', '1', '8', 'NULL', '0', '0', '1', '3', '0']"
코드,WS_RIV_SE_CD,"['RIV061', 'RIV012', 'RII013', 'RIV613', 'RIV036', 'RHV021', 'RIV014', 'RIV021', 'YIV006', 'RIE011', 'RIV096', 'RIV096', 'RIV073', 'RIV024', 'RIV405', 'RIV015', 'RIV056', 'RIV006', 'RIC021', 'RIV022', 'RIV521', 'RFV021', 'KIV011', 'RIV321', 'UIV006', 'RIV006', 'RIV906', 'TIV011', 'TIV006', 'RIV017', 'RIV051', 'IIV011', 'RIL021', 'RIV011', 'IIV013', 'RIV006', 'YIV013', 'RIB006', 'RIV306', 'RIV021', 'MIV021', 'AIV021', 'RIV026', 'RIV321', 'RGV013', 'RIV013', 'RIV001', 'RYV013', 'BIV006', 'RRV011', 'AIV021', 'RIV706', 'GIV006', 'IIV021', 'RII011', 'RIV007', 'RBV013', 'EIV005', 'RIV026', 'JIV021', 'RIV016', 'RKV013', 'RIH011', 'RIV021', 'RCV013', 'RJV011', 'RIV011', 'RIR013', 'QIV021', 'RIV313', 'IIV005', 'RIV003', 'RIV009', 'PIV011', 'YIV011', 'RIV016', 'RII011', 'UIV021', 'RIV081', 'RIV613', 'RIZ005', 'RIV006', 'RIR005', 'RIV020', 'RKV021', 'PIV013', 'RIV015', 'PIV013', 'RIV015', 'RIV721', 'RIV013', 'BIV011', 'RIV621', 'RIV413', 'RHV011', 'RIV406', 'RIV000', 'RIB006', 'LIV021', 'RAV013']"
코드,RIV_LEV_CD,"['1', '9', '0', '0', '8', '6', '0', '1', '0', '1', '6', '0', '0', '6', '0', '1', '9', '1', '0', '7', '1', '1', '3', '2', '0', '1', '0', '1', '1', '7', '2', '9', '7', '7', '2', '0', '0', '2', '0', '1', '0', '0', '2', '5', '8', '8', '7', '1', '6', '7', '7', '9', '1', '2', '1', '1', '2', '0', '1', '7', '0', '1', '8', '0', '0', '6', '8', '6', '2', '1', '0', '1', '0', '4', '1', '1', '5', '9', '6', '1', '0', '8', '0', '4', '1', '0', '4', '5', '0', '1', '3', '1', '0', '5', '1', '1', '1', '0', '4', '1']"
번호,DIR_NO,"['8', '4', '3', '4', '1', '1', '2', '1', '8', '0', '0', '8', '4', '1', '1', '2', '2', '1', '4', '1', '7', '5', '5', '9', '5', '0', '4', '4', '4', '9', '0', '8', '1', '1', '6', '0', '3', '4', '3', '1', '3', '5', '3', '4', '6', '1', '1', '9', '9', '4', '1', '9', '7', '4', '8', '0', '3', '5', '4', '5', '1', '1', '5', '9', '8', '8', '5', '9', '1', '1', '3', '1', '1', '5', '1', '2', '9', '9', '7', '1', '3', '7', '5', '9', '0', '0', '4', '4', '2', '0', '2', '0', '1', '0', '0', '1', '3', '1', '5', '4']"
번호,WS_NO,"['17', '50', '50', '26', '10', '30', '62', '12', '30', '54', '41', '25', '70', '10', '42', '30', '31', '10', '33', '50', '10', '90', '56', '90', '40', '60', '30', '40', '40', '34', '80', '70', '22', '26', '40', '17', '31', '60', '20', '36', '20', '32', '45', '92', '49', '55', '20', '25', '80', '35', '30', '55', '43', '12', '27', '62', '30', '20', '21', '42', '13', '90', '39', '17', '33', '50', '23', '18', '30', '58', '13', '80', '51', '72', '60', '40', '15', '80', '50', '56', '41', '42', '42', '24', '18', '40', '22', '52', '55', '34', '82', '80', '22', '20', '42', '70', '27', '80', '23', '30']"
번호,PAR_RIV_NO,"['ROOF', '50', '3020020', '32', '22', '32', '55', '2820010', 'RJOT', 'ROOV', 'ROOL', 'RJOT', '2020014', 'RIOT', '3020010', '2040010', '51', 'OOOT', 'RAOT', 'WOOT', '1010012', '2090010', '2020013', '56', '56', 'ROWT', '58', 'RJOT', '2020210', '3020080', '3030010', '53', '1010018', '2026010', '42', 'RQOT', '9010010', '2020014', '1060010', 'ROOT', '3020010', '1010050', '2020013', '3020013', '12', '22', '53', '3020410', '52', '1010910', '52', '2024010', '3027010', '3020010', '1010610', '2020310', '32', '1410010', '42', '3026010', '52', '3070010', 'BOOT', '2020010', '92', '9020010', '2020010', 'RFOT', 'ROFT', '2020060', '2029010', '1013010', '55', '1610010', '1510010', '56', 'ROOD', '3020016', '3920010', '57', '51', 'ROOZ', '2020010', '2020017', 'RQOT', '2020110', '1010013', '3020010', '3026010', '3220010', '72', '50', '56', '58', '2027010', 'ROWT', 'ROXT', '42', 'RDOT', '8020010']"
,PT_CTY,"['전듅', '충류', '줞기', '쎒기', '전똇', '븂기', '듢북', '전괻', '뉜남', '경숆', '촨남', '둒남', '띒남', '전췲', '쀗남', '켇남', '경턇', '놔남', '충쑜', '충럒', '쳛남', '전건', '전겚', '뤃북', '뻑남', '햯기', '젒남', '충빥', '뇁기', '전팢', '쵢기', '약남', '웡북', '궫남', '뗊북', '경뀲', '경꼡', '더남', '전둴', '뵠남', '전갼', '윸남', '전쌀', '논북', '뻔남', '경즷', '전긨', '전쏠', '경냩', '충멝', '전촯', '릁남', '충꼩', '경뽁', '퀈남', '경껄', '전혲', '긜남', '전앑', '경잯', '호북', '전햧', '전뎕', '하남', '경쟖', '띾남', '셨남', '전끍', '뺈남', '컓북', '첒기', '전풠', '폪기', '경뢪', '충킞', '전엻', '쿈기', '충씳', '덂기', '쮙남', '줮북', '충뛛', '전쎡', '톈남', '믅북', '충뜻', '전묲', '쵊남', '충캇', '샜기', '섰남', '전삝', '걔남', '전켩', '전냅', '전믁', '경뷷', '눽남', '충첪', '즚북']"
,PT_SGG,"['NULL', '쓶천', '콎창', 'NULL', '쩇천', '공뢀', '정쳨', '깨읍', 'NULL', '톩창', '정꽥', 'NULL', 'NULL', '씨주', 'NULL', '뛩창', '고린', '졶창', '합불', '쀚천', '칿주', 'NULL', '뇎읍', '죙창', '깚읍', '합쀫', '고쭴', '늲천', '공뛡', '합툅', '쩰천', '뛳읍', 'NULL', 'NULL', '줙주', '합찜', '고생', '븑주', '쏨읍', '꿳읍', '얱창', '고쭌', 'NULL', '고쑥', '정좹', '합칗', 'NULL', '흶창', 'NULL', '고쬿', '좚읍', '뭲창', '퐍창', 'NULL', '합핵', '공껁', '톚읍', '뢾주', 'NULL', 'NULL', '궾주', '공홛', '씽창', '몤창', 'NULL', '고뵧', 'NULL', '끫읍', '퓅주', '정췁', '정궀', '정띰', '고쮆', '공퓊', '딐읍', '힐읍', '고몚', '틯읍', '공징', '합킵', '뭢주', 'NULL', 'NULL', '뱽창', '정먟', 'NULL', 'NULL', '합쾪', 'NULL', '정쭂', '정쿖', '퐑주', 'NULL', '고주', 'NULL', '숒읍', '숔천', '정댏', '공룿', '묋읍']"
,PT_EMD,"['쌙', '뭎', '찯', '콵', '쵺', '셆', '꾕', '덳', '뜨', '솙', '싋', '뽪', '껅', 'NULL', '늬', '뀓', '뼎', '섚', '굃', 'NULL', 'NULL', 'NULL', '둯', '녪', '뺼', '콿', '퉎', '멢', 'NULL', '쎎', '쾓', '앉', 'NULL', '뼐', '뙶', '앗', '쓷', '컸', '퐋', '큃', '욜', '겄', '늩', '컡', '즔', '뾌', '괭', '쭡', 'NULL', 'NULL', '묛', '냖', '럜', '믒', '첉', '롵', '눴', '뺰', '퉼', '뫃', 'NULL', '먖', '텠', '풌', '똳', '랡', '엧', 'NULL', '깔', '뎵', '귊', 'NULL', '뷍', '멵', '뱩', '뱤', '체', '뻺', 'NULL', '뻤', '탧', '갞', 'NULL', '봏', '촧', '슶', 'NULL', '뗕', 'NULL', 'NULL', '쥚', 'NULL', '츺', 'NULL', '뻏', '밡', '귟', 'NULL', '컗', '톎']"
,LSP_CTY,"['경텉', '훣남', '뙣남', '전쑔', '경뒜', '츍남', '경닆', '껞북', '전쏦', '경쿇', '경븲', '전낚', '땩남', '충륽', '휥남', '전칬', '경욆', '룸기', '경듞', '몚남', '경쒴', '전틗', '전쒲', '경뼝', '햼북', '충뼃', '칒남', '전썟', '경맵', '쪭남', '썏남', '쳓북', '냛남', '경크', '경긂', '충읻', '경쎓', '경쪁', '탞기', '전쉧', '경앴', '룃북', '뫱북', '뢪남', '전돁', '충딓', '텩기', '경뤭', '붲남', '쌦남', '충엝', '경챾', '경큡', '뛈남', '경읣', '경멫', '경퐀', '충벴', '륥남', '경똶', '뻖기', '귵남', '경폝', '전뾽', '경팧', '경헁', '경폐', '첱남', '경귡', '꿱북', '경혘', '전퓝', '경쓇', '경끬', '닞남', '퍆남', '경괪', '전줾', '전섏', '전릳', '경궃', '경쭕', '얊남', '전쟥', '쓅남', '경닰', '전솩', '칊기', '쁆남', '옳남', '전육', '읂남', '전승', '미북', '경긌', '츎북', '전줔', '경쪓', '전쭪', '됖기']"
,LSP_SGG,"['뙨읍', '꺧주', '럷읍', '떤읍', '쟟주', '공겭', 'NULL', '공큂', '고쵩', '고잨', '공껼', '고딤', '껜천', '흡천', '정춻', '쿶읍', 'NULL', '합귖', '합춒', '팼천', '정췝', '고귻', '넌주', '합옪', '눚창', '고쵹', '쀑창', '쳮천', '공쏹', 'NULL', '페창', '칧주', '합쎵', '고넃', '고븧', '솩천', '공닚', '고퉙', '정폋', '합뿲', '고엄', '뉎천', '봛주', '공쐓', 'NULL', 'NULL', '정풶', '욚읍', '빈읍', '공뇓', '합밺', '몠주', 'NULL', '합쇻', '폟주', '정렶', '퀌창', '칐읍', 'NULL', 'NULL', 'NULL', '표주', '충읍', '꾠창', '췼주', '합텃', 'NULL', 'NULL', '끸천', '정썞', '뱶주', '공담', '폍천', '즄주', '몟창', '웋창', 'NULL', '삳읍', '공졕', '씤창', '정퐃', '쟜천', 'NULL', '쭉창', 'NULL', '고뀎', '공뇘', '붯천', '합혬', '공쟕', '고퓥', '쒓천', 'NULL', '띱주', '고샯', '공딞', '공햊', '뛯창', '정핥', '공왉']"
,LSP_EMD,"['돆', '묀', 'NULL', '뙜', 'NULL', '끮', '꾛', '룓', '귫', 'NULL', '갃', '랿', '졏', '롞', '팮', '괖', 'NULL', '뉠', '헩', '벤', '쑰', '앱', '쨾', '뫎', 'NULL', 'NULL', '퓽', '뻞', '뫬', '뤡', 'NULL', '습', '뀂', '간', '붨', '텡', '롵', '뻰', '쨈', '뿽', 'NULL', '볥', '폓', '겧', '긇', '튷', '렣', '첕', 'NULL', '퐡', 'NULL', 'NULL', '콞', '촼', '싘', '뼶', '눳', '쒮', '짊', '쎛', '딲', '뀜', '붋', '붠', 'NULL', '솚', '뇂', 'NULL', 'NULL', '슪', '썣', '뷷', '피', 'NULL', 'NULL', '뿁', '먌', '핀', '쿈', '훐', '쯽', '뤝', '뭯', '솁', 'NULL', 'NULL', '볣', '쏙', 'NULL', 'NULL', 'NULL', '즯', 'NULL', '뜥', '꿂', '눏', '뙮', '쫷', '냭', '쉗']"
,RIV_DGN_BAS,"['톔남453호 ', '낣북260호 ', '경기3168호 ', 'NULL', '전북260굒 ', '경기3145호 ', 'NULL', '전남458호 ', '전남453눤 ', 'NULL', '경남671호 ', 'NULL', '경남281호 ', '앚남271호 ', '경기3141호 ', '밧북260호 ', '경기3138호 ', '전남453킠 ', '경됨3148호 ', '경죸3148호 ', '경퉻271호 ', '전남553호 ', '전남453좶 ', '뀥북260호 ', '전남457호 ', '전남253호 ', '경기3143호 ', '경남279호 ', '전북260호 ', '전남053호 ', '전남455호 ', '전남450호 ', '전쟋260호 ', '경궹271호 ', '뽁남271호 ', '경기3148호 ', '경남231호 ', '경기3148붺 ', 'NULL', '전남473호 ', '경기3168호 ', '슦기3148호 ', '전북260헣 ', '전북260햁 ', '경남231호 ', '전남253호 ', '경기3148푱 ', '전남403호 ', '풀남453호 ', 'NULL', 'NULL', '경퍚3148호 ', '경쥥3148호 ', '전남403호 ', '턻북260호 ', '뷑남453호 ', 'NULL', 'NULL', '컩남271호 ', '경기3948호 ', '경남171호 ', 'NULL', '전북264호 ', 'NULL', '경기3148셯 ', '전남453호 ', '경기3145호 ', '경남278호 ', 'NULL', 'NULL', '경기5148호 ', '전남483호 ', '경기0148호 ', '전북160호 ', '경기3548호 ', '빣남453호 ', 'NULL', '횎북260호 ', '전북260않 ', '경남231호 ', '경남271호 ', '뗄남453호 ', '껬북260호 ', '전켞453호 ', 'NULL', 'NULL', 'NULL', '경기3148좉 ', '경기3149호 ', '경기0148호 ', '경남275호 ', '경기3128호 ', '전북270호 ', 'NULL', '경남271틢 ', '전북560호 ', 'NULL', '전남453뎫 ', '퐒남271호 ', '경뒂3148호 ']"
날짜,RIV_DGN_DT,"['21031227', '19821149', '19650601', '19650371', '1965031', '20031627', '18821011', '1965031', '19821179', '2009527', '19650351', '2009527', '1965031', '19650391', '1965031', '19021011', '19821929', 'NULL', '19650301', '2009527', '19521129', '2009527', '19871011', 'NULL', '99650301', '19821829', '19821013', '1965031', '19650301', '20034227', '19821011', '2009527', 'NULL', 'NULL', '79650301', 'NULL', '19821811', '12821129', '2009527', '1965031', '11821129', '19811129', 'NULL', '11821011', '40031227', 'NULL', '2009527', '2009527', 'NULL', '18650301', 'NULL', '2009527', '2009527', '19821189', '2009527', '49650301', '1965031', 'NULL', '2009527', '1965031', 'NULL', '19650601', 'NULL', 'NULL', '2009527', '20071227', '19650300', '29650301', '19650331', '19829011', '19841129', '19821122', '19821051', '20031327', '2009527', '19821029', '59821011', '10650301', '19650301', '2009527', '19650321', '70031227', '2009527', '19658301', '69821011', '1965031', '2009527', '2009527', '20033227', '19821911', '19650331', '20031827', '1965031', '19658301', '19821529', '1965031', 'NULL', '19650307', '1965031', '19821123']"
번호,SRC_DAT_SN,"['NULL', '5', '1', '1', '1', 'NULL', '1', '3', '3', '0', '1', '0', '0', '1', '3', '1', '2', '6', '1', '5', '1', '0', '3', '9', '1', '6', '7', '8', '1', 'NULL', '6', 'NULL', '7', '9', '5', '2', '0', '2', '3', 'NULL', '2', '1', '3', '0', '6', '1', 'NULL', '8', 'NULL', '4', '0', '7', '4', '0', '1', 'NULL', '8', '2', '1', 'NULL', 'NULL', '2', '6', '4', '2', 'NULL', '5', '1', '0', 'NULL', '5', 'NULL', '1', '9', 'NULL', '9', '2', '4', 'NULL', '2', '1', '6', 'NULL', 'NULL', '3', 'NULL', '0', '8', '8', '3', '3', '0', '1', '9', '5', 'NULL', '7', '0', '9', '3']"
여부,STA_LDR_YN,"['N', 'NULL', 'NULL', 'NULL', 'NULL', 'Y', 'NULL', 'N', 'Y', 'N', 'NULL', 'NULL', 'N', 'NULL', 'NULL', 'N', 'Y', 'NULL', 'N', 'Y', 'N', 'N', 'Y', 'Y', 'NULL', 'Y', 'N', 'NULL', 'NULL', 'Y', 'N', 'N', 'NULL', 'N', 'Y', 'NULL', 'N', 'N', 'NULL', 'NULL', 'NULL', 'NULL', 'NULL', 'N', 'NULL', 'Y', 'NULL', 'NULL', 'N', 'Y', 'Y', 'NULL', 'NULL', 'N', 'NULL', 'N', 'NULL', 'Y', 'Y', 'N', 'NULL', 'NULL', 'NULL', 'N', 'Y', 'NULL', 'NULL', 'N', 'NULL', 'NULL', 'Y', 'Y', 'Y', 'Y', 'Y', 'NULL', 'NULL', 'NULL', 'N', 'N', 'N', 'N', 'NULL', 'NULL', 'Y', 'NULL', 'NULL', 'NULL', 'N', 'Y', 'NULL', 'NULL', 'NULL', 'NULL', 'N', 'N', 'N', 'NULL', 'NULL', 'NULL']"
,STA_RIV_NM,"['NULL', '낙동놼', '펶강', 'NULL', '쓊강', 'NULL', '햟동강', '영산춖', '큜강', '싸동강', '한퇫', '금뵵', '퍦산강', '뽁산강', 'NULL', '낙껤강', '흒강', '읶강', '영산괋', '샠산강', '한곫', '뜙강', '흧강', '금뎨', '영산뮐', 'NULL', '쿑강', '영산페', '춱강', '영산넏', '영산쵛', '퍿동강', '뚓강', '꿳산강', '콪동강', '영깯강', '홖강', 'NULL', '젢강', '영산픟', '톮동강', '낙동룠', '섊산강', 'NULL', '빡동강', '금퀼', '금쐈', '금뜇', '퉡강', '띡동강', '금칧', 'NULL', '금뎯', '닢동강', '영산맘', '한룑', 'NULL', '영쀮강', '롵동강', '금쎈', '젫강', '영산뚊', '한뉇', '영산벮', '한볻', '금읅', '영산쮑', '끖강', '낙동셌', '영궦강', 'NULL', 'NULL', '낙동뀈', '뷚강', 'NULL', 'NULL', '톢강', '낙머강', 'NULL', '턋강', '영흥강', '홹강', 'NULL', '쇉동강', '톤강', '낙동쏊', '영산몄', '뼚강', '영산풛', '낙동썫', 'NULL', '한퇦', 'NULL', 'NULL', '금뒹', '한쭒', '낙동쓻', '낙동젵', '땴산강', 'NULL']"
번호,STA_ASIS_NO,"['NULL', '001', '005', 'NULL', '091', 'NULL', 'NULL', '094', '104', '072', '009', '024', '009', '073', '804', '009', '702', '042', '000', '006', '703', 'NULL', '007', 'NULL', 'NULL', 'NULL', '104', '007', '002', '021', '005', '006', 'NULL', 'NULL', '002', '703', 'NULL', '000', 'NULL', '001', '000', '001', '006', '009', '001', '704', '702', '003', '012', '902', '003', '052', '073', 'NULL', 'NULL', 'NULL', 'NULL', '006', '033', 'NULL', '094', '301', '094', 'NULL', '007', 'NULL', '014', '204', '032', '052', '001', '101', 'NULL', 'NULL', 'NULL', 'NULL', '000', '004', '002', '001', '201', '001', '081', 'NULL', '004', '202', '002', 'NULL', '034', '083', 'NULL', '006', 'NULL', 'NULL', 'NULL', '103', '003', '904', 'NULL', '604']"
번호,INP_USR_ID,"['MIG211912', 'RIG201912', 'MIG201972', 'MIG201412', 'MIG201912', 'MIG201919', 'MIO201912', 'PIG201912', 'MIH201912', 'MIG211912', 'KIG201912', 'MIG301912', 'MIF201912', 'MQG201912', 'MIG201312', 'MWG201912', 'MIG205912', 'MIG201902', 'UIG201912', 'MIG201312', 'MIG201910', 'MIG201911', 'MIG201911', 'MIG601912', 'MIG201992', 'MIG201962', 'MIG201812', 'SIG201912', 'MSG201912', 'WIG201912', 'DIG201912', 'MIL201912', 'MIT201912', 'MWG201912', 'MIG206912', 'MIG201915', 'MIZ201912', 'MMG201912', 'MIG231912', 'AIG201912', 'MIG241912', 'MIG202912', 'MIG201912', 'MIG201912', 'MIG201962', 'MPG201912', 'MIG201922', 'MIG209912', 'MQG201912', 'MIG201312', 'MIG291912', 'MIG201912', 'MIF201912', 'MIG201912', 'MIG201972', 'MEG201912', 'MXG201912', 'MIG201952', 'MIG201992', 'MIG201712', 'IIG201912', 'MIG201902', 'MJG201912', 'MIG209912', 'MIG261912', 'MIG231912', 'MIG291912', 'MIE201912', 'AIG201912', 'MIG271912', 'MIG206912', 'MIG251912', 'MIG001912', 'MIG206912', 'MIF201912', 'QIG201912', 'MIG201911', 'MIG203912', 'MIG201912', 'MIG209912', 'MIG271912', 'MIL201912', 'MIG201915', 'MIG208912', 'MHG201912', 'MIG201912', 'MIB201912', 'MIG601912', 'MFG201912', 'MIG201913', 'MIG203912', 'MIG201012', 'MIG401912', 'MIG204912', 'MIG201512', 'MEG201912', 'MIG201922', 'MIG202912', 'MTG201912', 'MIG201612']"
날짜,INP_DT,"['20191121', '20191121', '20191206', '20391121', '20199212', '20191225', '20191721', '20101121', '20391121', '22191121', '20181125', '20191124', '20191105', '20191212', '20491125', '20591206', '20791121', '20171125', '20131121', '20191161', '20141125', '20181121', '20191131', '20691121', '20191246', '20691206', '20191203', '20691212', '20191175', '20121121', '20191525', '26191121', '29191212', '20191212', '20191171', '29191206', '20101206', '60191125', '20191621', '20191292', '20131125', '20191272', '20191212', '20191321', '20191021', '20171212', '20197206', '20191204', '20191212', '20391121', '20191925', '20191202', '20190206', '26191212', '20991206', '20191206', '20191127', '20191276', '20192206', '20191312', '24191206', '20181206', '26191212', '40191206', '20491212', '20191151', '20191296', '20191185', '24191206', '20190206', '20181206', '20131125', '20191812', '20191125', '20191195', '30191212', '20191296', '40191206', '25191125', '70191125', '20191125', '60191125', '20191906', '20191151', '20191262', '20191202', '20131212', '90191212', '20191125', '20191206', '20291125', '20191246', '30191206', '20191217', '24191212', '20191125', '30191206', '20190121', '20101206', '20191122']"
날짜,INP_TM,"['150431', '104321', '132113', '105321', '122554', '122554', '135113', '175649', '805321', '105371', '132115', '155491', '150431', '505321', '825554', '105351', '105421', '155831', '175647', '875644', '145644', '157431', '132313', '175644', '105371', '185644', '105341', '185554', '175644', '555431', '125564', '175634', '175642', '132813', '105323', '532113', '125254', '175664', '105322', '975644', '105371', '175044', '805321', '175544', '106321', '355431', '165554', '132813', '555431', '105321', '175643', '155471', '158431', '155471', '532113', '105321', '132013', '455431', '605321', '175634', '325554', '132112', '132013', '125556', '125554', '132183', '172644', '375644', '165644', '132103', '105721', '475644', '105329', '125524', '105325', '105321', '132114', '155431', '125554', '151431', '132713', '175644', '625554', '108321', '132114', '115321', '155430', '105821', '171644', '175654', '775644', '122554', '125354', '105327', '155431', '195321', '175844', '125554', '105321', '105121']"
번호,UPT_USR_ID,"['MIG001912', 'MIG201912', 'MIG201112', 'MIG202912', 'MIU201912', 'MIT201912', 'MIG201612', 'MIG201913', 'FIG201912', 'MVG201912', 'MIG251912', 'MIG201512', 'MIG201312', 'MIG201112', 'MIG201918', 'MIG251912', 'MIG201912', 'MIL201912', 'MIG401912', 'MIG231912', 'MIG901912', 'MIG201919', 'MIG203912', 'MIG201912', 'MNG201912', 'MCG201912', 'MIG201942', 'MIG201012', 'MIG201992', 'MIG201412', 'MAG201912', 'MIG203912', 'WIG201912', 'MLG201912', 'MIG201918', 'MIG201910', 'MIG201913', 'MIG201312', 'MIG201812', 'PIG201912', 'MIG201916', 'MIG271912', 'MIG601912', 'MIG207912', 'MHG201912', 'MIG201112', 'WIG201912', 'MIG205912', 'XIG201912', 'MIG281912', 'MIG901912', 'MIG271912', 'MIG201512', 'MIG231912', 'MIG204912', 'MXG201912', 'MIG201212', 'MIG201992', 'MIG201212', 'WIG201912', 'MIG001912', 'MEG201912', 'MIG201919', 'MIG261912', 'MIG201917', 'MIQ201912', 'TIG201912', 'MIG201912', 'MIG201912', 'MLG201912', 'MTG201912', 'MIG201910', 'MIG201912', 'MIG200912', 'QIG201912', 'MIH201912', 'MIG501912', 'MIG261912', 'MIG201922', 'MIG201932', 'MIG201912', 'MIG201913', 'MIG201942', 'MZG201912', 'MKG201912', 'MIG221912', 'MIG401912', 'CIG201912', 'MIG201912', 'MTG201912', 'MIG801912', 'MIQ201912', 'MIG241912', 'MIG301912', 'MIG201915', 'MIW201912', 'MIG200912', 'MIG201212', 'MIG201512', 'MIG281912']"
날짜,UPT_DT,"['20191105', '20391121', '23191206', '20191124', '20191215', '20171121', '29191206', '20101125', '20191272', '20691212', '20199206', '20491206', '20191025', '20181212', '22191121', '20191121', '20191222', '20291206', '50191206', '20191206', '20191121', '20191121', '20191612', '20161212', '20191292', '80191212', '20191201', '20191006', '20191412', '20193206', '20191125', '20191123', '20195121', '20491121', '20191120', '20191202', '20191127', '90191206', '10191125', '80191212', '20191151', '20198206', '20191105', '20191206', '26191121', '20191105', '20091125', '20197206', '20191126', '24191125', '20891121', '20101212', '20191171', '20491121', '20091212', '90191212', '30191212', '80191121', '20191101', '20191125', '20191206', '70191206', '20291125', '20191025', '60191212', '20101125', '90191212', '20191204', '50191125', '20191021', '27191125', '20191912', '20191121', '60191125', '20161206', '20191121', '20197121', '20191906', '20291212', '20193121', '20191606', '20121125', '20111121', '20191126', '20191296', '20191921', '20191123', '20191127', '28191206', '20191124', '20191161', '20191921', '20141121', '20191191', '20191123', '90191125', '26191206', '20191200', '24191212', '20191125']"
날짜,UPT_TM,"['875644', '125321', '125550', '105301', '105321', '102321', '105320', '104321', '155437', '155531', '127554', '175654', '105121', '105321', '132113', '705321', '155441', '125154', '125574', '132713', '105921', '125644', '165644', '932113', '132103', '125954', '175144', '105328', '151431', '178644', '105644', '155471', '125504', '105221', '125554', '115321', '125559', '605321', '175649', '132193', '172644', '175554', '174644', '125555', '132713', '132113', '170644', '172113', '105361', '102321', '105221', '175644', '135644', '105521', '905321', '173644', '132113', '155431', '176644', '104321', '105821', '105301', '135554', '152431', '145554', '175694', '105554', '165321', '175634', '125504', '105221', '162113', '155731', '155411', '121554', '105621', '155439', '155481', '132111', '101321', '165431', '155461', '105321', '175944', '182113', '134113', '175634', '355431', '126554', '105021', '105721', '105321', '132117', '905321', '432113', '175649', '205321', '145431', '145644', '125754']"
번호,IEM_ID,"['Z', 'E01', 'E02', 'F', 'Q', 'E01', 'B', 'E01', 'F', 'K', 'N', 'F', 'A', 'A', 'S01', 'R', 'B', 'Z', 'E71', 'Z', 'F', 'D01', 'K', 'Q', 'F', 'W', 'F01', 'U', 'X', 'Z', 'E02', 'F', 'U', 'Q', 'H', 'Q', 'N', 'O', 'I', 'A', 'T', 'R', 'N', 'I', 'A', 'I', 'P', 'W', 'B', 'D', 'E51', 'E91', 'V', 'Z', 'C', 'L', 'B', 'E41', 'S', 'F', 'X', 'K', 'Y', 'B', 'V', 'E06', 'E61', 'E41', 'K', 'G01', 'H', 'O', 'K', 'G', 'E61', 'V01', 'O01', 'Z01', 'I', 'S', 'N', 'E09', 'C', 'R', 'P', 'L', 'X', 'R', 'P01', 'V', 'B', 'W', 'I', 'W', 'L', 'O', 'M', 'P', 'E', 'W']"
,IEM_SEQ,"['SU_31', 'SU_21', 'SU_03', 'QU_01', 'SL_01', 'SU_91', 'SU_06', 'YU_01', 'LU_01', 'HU_01', 'SM_01', 'SU_07', 'SU_61', 'XU_01', 'CU_01', 'SU_01', 'SN_01', 'SU_11', 'SU_02', 'SZ_01', 'SW_01', 'SU_05', 'DU_01', 'SU_07', 'SU_91', 'SU_01', 'SJ_01', 'SU_61', 'CU_01', 'NU_01', 'SU_01', 'SU_21', 'SR_01', 'SC_01', 'QU_01', 'SV_01', 'SU_21', 'SK_01', 'SD_01', 'SU_21', 'BU_01', 'SU_01', 'NU_01', 'SU_07', 'OU_01', 'SU_08', 'VU_01', 'XU_01', 'SU_03', 'SU_51', 'SU_11', 'SN_01', 'AU_01', 'SU_02', 'SU_91', 'SV_01', 'SU_09', 'SC_01', 'SU_00', 'VU_01', 'SU_08', 'SU_02', 'SU_01', 'SU_61', 'SZ_01', 'NU_01', 'SU_51', 'YU_01', 'ZU_01', 'SU_01', 'SU_04', 'NU_01', 'TU_01', 'SU_08', 'SZ_01', 'SU_91', 'SU_21', 'SU_31', 'DU_01', 'SL_01', 'SU_00', 'SU_81', 'SD_01', 'JU_01', 'SU_41', 'SU_06', 'SU_01', 'ZU_01', 'SU_09', 'SU_71', 'SW_01', 'SI_01', 'SU_01', 'KU_01', 'SU_09', 'SY_01', 'SE_01', 'SU_02', 'ZU_01', 'SU_03']"
번호,IEM_GRP_ORD,"['7', '1', '5', '9', '7', '9', '7', '4', '4', '1', '5', '0', '1', '0', '0', '5', '3', '8', '9', '5', '7', '3', '9', '3', '9', '1', '8', '7', '6', '7', '3', '0', '5', '7', '9', '2', '3', '0', '1', '0', '1', '0', '1', '9', '3', '0', '9', '2', '1', '1', '4', '3', '0', '3', '7', '3', '2', '9', '1', '2', '1', '0', '6', '7', '5', '0', '7', '0', '6', '0', '8', '8', '3', '8', '5', '0', '3', '6', '0', '8', '5', '4', '4', '6', '1', '1', '0', '3', '0', '3', '4', '9', '2', '0', '1', '7', '0', '8', '5', '0']"
번호,IEM_ID,"['E03', 'E05', 'E08', 'E65', 'E25', 'E75', 'E01', 'X02', 'E03', 'T03', 'E05', 'Z03', 'M03', 'E35', 'E08', 'E52', 'E55', 'V04', 'E41', 'E62', 'E00', 'E91', 'I04', 'R05', 'E01', 'O02', 'E01', 'U04', 'Y04', 'E64', 'R01', 'E75', 'E81', 'E44', 'M03', 'E06', 'O04', 'E04', 'E06', 'E04', 'E02', 'E63', 'E05', 'E22', 'E93', 'E00', 'E03', 'E04', 'E02', 'E03', 'E03', 'E01', 'E41', 'E09', 'B01', 'E05', 'E09', 'L03', 'E14', 'E75', 'A01', 'E00', 'E09', 'E24', 'E84', 'E06', 'A05', 'D04', 'E08', 'E01', 'I05', 'E02', 'E03', 'E62', 'E15', 'E08', 'W02', 'R02', 'E02', 'E08', 'T03', 'E02', 'P02', 'R02', 'U01', 'E09', 'E44', 'E03', 'E23', 'T05', 'Q05', 'E05', 'E07', 'N05', 'E04', 'H05', 'V02', 'E09', 'E02', 'E02']"
번호,IEM_ANS,"['T5', 'O1', 'U4', 'A0', 'A9', 'B5', 'F4', 'A2', 'J2', 'A1', 'A5', 'K1', 'A4', 'A3', 'K1', 'R4', 'H4', 'C5', 'A8', 'A7', 'B4', 'B4', 'E2', 'A5', 'A0', 'S3', 'A6', 'A3', 'Z1', 'A8', 'A1', 'A2', 'A3', 'A3', 'A2', 'I1', 'S3', 'I1', 'Z1', 'V2', 'A0', 'A2', 'B2', 'A2', 'A0', 'R5', 'O1', 'J5', 'A6', 'Y4', 'Z2', 'A6', 'A8', 'A6', 'V2', 'A8', 'Z5', 'L1', 'B3', 'Q5', 'A9', 'B2', 'F4', 'A2', 'N2', 'A7', 'A5', 'A9', 'A8', 'L1', 'A6', 'Q4', 'A2', 'A2', 'A3', 'L3', 'A5', 'A9', 'A1', 'R5', 'L5', 'A4', 'N5', 'A6', 'A6', 'A5', 'A5', 'F2', 'B4', 'C5', 'V4', 'H2', 'S3', 'A5', 'V2', 'A8', 'A8', 'J5', 'P4', 'F1']"
코드,IEM_GRP_CD,"['Y02', 'NULL', 'G03', 'G31', 'NULL', 'G07', 'E04', 'G06', 'G81', 'G62', 'G32', 'G08', 'G44', 'G04', 'V04', 'V04', 'G11', 'L03', 'G22', 'G03', 'T02', 'G06', 'G06', 'G42', 'G05', 'G23', 'G01', 'G94', 'G03', 'G33', 'NULL', 'G03', 'M03', 'L01', 'G03', 'NULL', 'NULL', 'C04', 'W01', 'G32', 'NULL', 'G02', 'G03', 'U04', 'T02', 'D04', 'NULL', 'G71', 'G06', 'NULL', 'G93', 'G09', 'NULL', 'G03', 'G03', 'NULL', 'NULL', 'G81', 'NULL', 'G31', 'G03', 'NULL', 'D01', 'G09', 'G03', 'G03', 'G05', 'NULL', 'G00', 'J03', 'G31', 'G06', 'G61', 'Y02', 'G09', 'A02', 'G01', 'H02', 'G02', 'Y03', 'NULL', 'G02', 'G52', 'NULL', 'G09', 'B03', 'G00', 'G06', 'G02', 'N01', 'G43', 'G13', 'E04', 'G01', 'G05', 'NULL', 'R04', 'G14', 'G05', 'G00']"
번호,USR_ID,"['vealim5194', 'heeo21', 'korbi03', 'healfm5194', 'wga2', 'koroi05', 'hoalim5194', 'sga8', 'kosbi05', 'hyro21', 'sgk2', 'korbi95', 'hladmcn', 'hmro21', 'healim5191', 'healim5196', 'healim5094', 'sga9', 'healim5199', 'korgi05', 'healiq5194', 'hga2', 'healim9194', 'hladmin', 'xero21', 'hebo21', 'hzro21', 'korbi25', 'hladmio', 'sga0', 'vladmin', 'hladqin', 'iero21', 'sgg2', 'hyadmin', 'healim5164', 'sgx2', 'sga7', 'healbm5194', 'healim0194', 'hero22', 'sealim5194', 'heaiim5194', 'hhro21', 'hero61', 'ska2', 'healim5694', 'xero21', 'healim9194', 'eladmin', 'sgg2', 'sgo2', 'hero21', 'kmrbi05', 'healim6194', 'sgs2', 'herm21', 'hladmsn', 'korbi25', 'pladmin', 'sgk2', 'healim5194', 'healgm5194', 'sga5', 'healiq5194', 'sga8', 'korbi06', 'iladmin', 'hladmin', 'konbi05', 'hualim5194', 'hero24', 'sba2', 'hlagmin', 'herx21', 'vero21', 'healim5794', 'korbi35', 'sgf2', 'vga2', 'hero51', 'sgb2', 'htro21', 'jga2', 'cga2', 'healim5194', 'sga2', 'hga2', 'korbi45', 'healim5196', 'hladmfn', 'yladmin', 'kokbi05', 'heaqim5194', 'korai05', 'kladmin', 'hpro21', 'korui05', 'korli05', 'borbi05']"
날짜,CMT_TM,"['20220409', '20223406', '20220230', '20220301', '20220501', '20220907', '20220418', '20220401', '20720407', '20120330', '20220407', '20220407', '20220406', '20220334', '20220476', '20221412', '20222406', '50220401', '20020407', '60220401', '20920407', '20220630', '20220446', '90220406', '20220407', '29220401', '90220401', '50220407', '26220406', '20220401', '20227401', '20220409', '20221330', '10220401', '20220406', '23220412', '20620412', '29220407', '20223330', '20220410', '20270401', '90220412', '20120401', '20220452', '70220412', '20220412', '20226407', '20223412', '20920412', '20220416', '20220436', '20920330', '20220406', '20225407', '20270401', '20220930', '20225406', '60220401', '20220408', '20220406', '20220441', '29220401', '20220404', '20820406', '26220330', '20220401', '80220407', '20220405', '23220330', '20229330', '20226407', '20220476', '20220310', '20240407', '20220421', '20620412', '20220507', '20220415', '90220412', '20223330', '60220401', '20226401', '20220307', '20220412', '22220406', '40220407', '24220407', '20320412', '21220401', '20220405', '20420401', '20220312', '20220419', '20220442', '20220130', '20520407', '20220411', '50220406', '20220411', '20230401']"
번호,IEM_ID,"['E04', 'E04', 'E07', 'F', 'B', 'E04', 'X', 'P', 'E00', 'S', 'E07', 'V', 'S', 'A', 'L', 'X', 'X', 'E', 'T', 'F01', 'B', 'W', 'E61', 'F', 'D', 'J', 'A', 'J', 'E', 'J', 'S', 'X', 'D', 'D', 'I', 'M', 'E06', 'E', 'U', 'U', 'D', 'Z', 'F', 'O', 'N', 'G01', 'Q', 'E08', 'V', 'G', 'E', 'I01', 'Y', 'P', 'L', 'A', 'K', 'Q', 'U', 'N', 'T', 'F', 'Q', 'O', 'D', 'Q', 'L', 'U', 'N', 'Q', 'H', 'Y', 'N', 'Z', 'B', 'E31', 'L', 'S', 'E41', 'D', 'Z', 'E03', 'A', 'F', 'I', 'E31', 'Y', 'E71', 'J', 'B', 'C', 'O', 'E31', 'Z', 'V', 'R', 'Y', 'B', 'C', 'E21']"
번호,IEM_ANS_RST,"['Y3', 'A9', 'D2', 'A7', 'A8', 'A2', 'A3', 'A1', 'A0', 'A1', 'W4', 'A2', 'A4', 'A4', 'A7', 'A7', 'S4', 'A6', 'A1', 'V1', 'A0', 'A8', 'U3', 'A4', 'C2', 'D4', 'A9', 'F2', 'F1', 'Y1', 'A4', 'A0', 'J5', 'A8', 'A5', 'A7', 'V3', 'F2', 'V5', 'A5', 'A0', 'A2', 'E5', 'A4', 'A1', 'R1', 'J4', 'I1', 'Z5', 'A3', 'M1', 'Q4', 'O1', 'R5', 'A2', 'A1', 'A4', 'A7', 'A9', 'G1', 'P5', 'P1', 'I4', 'V1', 'A8', 'U5', 'E2', 'S3', 'H1', 'Z2', 'V2', 'C3', 'Q5', 'A5', 'K1', 'G1', 'S3', 'V1', 'L5', 'A0', 'S2', 'W5', 'A7', 'A9', 'X3', 'B1', 'A1', 'H2', 'A5', 'A2', 'N2', 'A2', 'O2', 'A5', 'A2', 'N5', 'A8', 'A3', 'A6', 'A1']"
,IEM_NM,"['20대', '50대', '30대', '70대', '강긁지역 비점오염', '강원지뚍 비점오염', '50퀚 이상', '즃원지역 비점오염', '70대', '43대', '26대', '80대', '강끞지역 비점오염', '70대', '50대 뤞상', '50왳 이상', '27대', '강원지역 비긣오염', '20뚮', '강빿지역 비점오염', '50꼿 이상', '60대', '27대', '20대 이상', '강원지역 비점듼염', '26대', '40봾', '70대', '강원쑴역 비점오염', '30캳', '24대', '50대 이릷', '강원지역 톟점오염', '50썲 이상', '30튰', '20퀬', '10대', '60대', '30줝', '완원지역 비점오염', '50대 이췦', '50대 이뉇', '믦원지역 비점오염', '50대 이상', '22대', '23대', '강원지역 쟸점오염', '강원지역 비점오좰', '60대', '80대', '50대 픮상', '30컹', '30대', '강뉖지역 비점오염', '20쾱', '24대', '28대', '50턨 이상', '50대', '강원지역 비퐂오염', '캉원지역 비점오염', '40대 이상', '41대', '80대', '강원지역 비점벝염', '40뾶', '40큟', '20뿡', '30퇹', '50대', '46대', '강원지역 비점오뛬', '50한 이상', '00대', '34대', '30대 이상', '강원지놮 비점오염', '강원지역 비윾오염', '30뼵', '20대', '30대', '50대 이냒', '52대 이상', '떭원지역 비점오염', '강원볛역 비점오염', '강원쬪역 비점오염', '40대', '21대', '38대', '50대', '40대', '20대 이상', '40뽋', '30대', '25대', '20대 이상', '강툱지역 비점오염', '강랜지역 비점오염', '20대', '강원지역 비웻오염']"
,IEM_VLU,"['70', '800', '20~20', '70~39', '40', '700', '150', '23', '40~39', '30~59', '110', '43', '50', '20~25', '40~39', '43', '10', '104', '20~20', '46', '22', '22', '30~30', '30~33', '00~29', '30~34', '30~39', '28~29', '103', '30~30', '60~29', '106', '20', '28', '27', '27', '60~39', '30~29', '130', '44', '44', '30~36', '100', '20~79', '90~39', '30~29', '190', '101', '49', '27~29', '600', '30~39', '20~79', '20~25', '34~39', '300', '60', '40~39', '20~99', '20', '10', '103', '30~30', '49', '60', '26~29', '29~29', '45', '30~39', '200', '20~79', '100', '20~29', '20~29', '49', '30~69', '70', '20~29', '50', '20', '180', '107', '50', '20', '20~09', '200', '400', '50', '28~29', '20~59', '100', '10', '160', '49', '800', '50', '110', '300', '20', '90~29']"
코드,IEM_CD,"['V5', 'A5', 'A3', 'L3', 'A7', 'A3', 'N3', 'A6', 'A5', 'H1', 'U1', 'L2', 'R3', 'A0', 'A4', 'D4', 'A6', 'A2', 'A3', 'A1', 'A8', 'A1', 'A7', 'L2', 'X2', 'P5', 'D1', 'K3', 'A6', 'K3', 'M3', 'A6', 'D1', 'K1', 'J3', 'L4', 'L2', 'A6', 'S3', 'Z1', 'S4', 'A4', 'E4', 'H2', 'E4', 'A1', 'Y4', 'A3', 'A5', 'A1', 'A4', 'N5', 'A6', 'A4', 'W3', 'A1', 'A9', 'A7', 'C3', 'S5', 'A2', 'F4', 'N1', 'A7', 'A9', 'A3', 'A1', 'A2', 'A9', 'V1', 'A2', 'A1', 'A9', 'A7', 'A8', 'A5', 'P2', 'A3', 'A6', 'Q4', 'A5', 'A6', 'A4', 'A2', 'A6', 'A7', 'F2', 'A1', 'A8', 'R2', 'A5', 'A3', 'A4', 'A4', 'A7', 'A2', 'A5', 'A5', 'Y2', 'X5']"
번호,GNO_BSN_NO,"['CC04', 'KC01', 'FC05', 'FV01', 'OC04', 'CO31', 'MC02', 'FX04', 'FC07', 'CO31', 'FC32', 'FU01', 'FF04', 'FC02', 'FC01', 'CO81', 'YC03', 'CO03', 'FC22', 'FC53', 'FY04', 'FC04', 'FC08', 'FD02', 'FC31', 'FC04', 'FP01', 'OC01', 'FC07', 'CZ01', 'OC02', 'FC02', 'FC00', 'FC31', 'FC05', 'FT03', 'FC11', 'LC02', 'FC02', 'FC04', 'FC82', 'CO01', 'FC41', 'FH02', 'FE04', 'NC02', 'EC03', 'FC03', 'CG01', 'FV02', 'FG03', 'FC09', 'FU03', 'TC04', 'LO01', 'FG03', 'CX01', 'FO01', 'WC03', 'FC06', 'FC53', 'CM01', 'FN04', 'CO11', 'FC01', 'FC04', 'FP03', 'FC84', 'FC71', 'FN04', 'FC73', 'MC04', 'FC04', 'FI03', 'FQ04', 'FC74', 'FC01', 'FC73', 'FL04', 'FX01', 'FC06', 'GC04', 'FG02', 'UC02', 'CO21', 'FC07', 'FC07', 'WO01', 'FC02', 'FZ03', 'CN01', 'FC01', 'CM01', 'CO02', 'CC03', 'FP04', 'FC02', 'GC03', 'FQ01', 'DC02']"
,BSN_NM,"['게시판_일련뮧호\r\n', '고랭지밭_경작지_쪂호', '고랭지밭_맡지소유현황_일련번호', '고랭지밭_토지뺌유현황_일련번호', '괉랭지밭_경작지_번호', '고랭지밭_토지소옩현황_일련번호', '고랭지밭_게시판_켍련번호', '고랭지밭_게시럡_일련번호', '고랭톖밭_경작지_번호', '고랭짝밭_경작지_번호', '고랭지늶_토지소유현황_일련번호', '고랭지밭_게풛판_일련번호', '공통_뮐면등록(팝업/배너/메인이미지)', '고랭지밭_경작지_닒호', '공쬨_화면등록(팝업/배너/메인이미지)', '고랭지밭_게시판_앳련번호', '고랭지밭_토지소유맀황_일련번호', '쪊랭지밭_게시판_일련번호', '고랭지밭_경작지_턙호', '게시댫_일련번호\r\n', '게시판_일씉번호\r\n', '고랭지밭_게시판_일련번욬', '고랭지밭_경작뙚_번호', '고랭지밭_경작지_렏호', '고랭지봥_게시판_일련번호', '고랭지밭_토지소유현황_일련먜호', '게융판_일련번호\r\n', '게시판_일련줅호\r\n', '고랭지밭_토지소유현황_일련번캬', '고랭지햦_게시판_일련번호', '뚸랭지밭_토지소유현황_일련번호', '게뉷판_일련번호\r\n', '공통_화면등록(팝업/배너/메쑙이미지)', '게시돑_일련번호\r\n', '공통_화면등록(팝업/배뇳/메인이미지)', '고랭지밭_경작펎_번호', '고랭믝밭_경작지_번호', '고랭횗밭_경작지_번호', '고랭지밭_게시턘_일련번호', '게시판_일련번챚\r\n', '게시판_뮲련번호\r\n', '고랭지밭_게시판_일뒵번호', '옆랭지밭_게시판_일련번호', '고랭지신_게시판_일련번호', '맳통_화면등록(팝업/배너/메인이미지)', '공통_화면등록(팝업/배너/메인이미롼)', '공통_화면등록(뗢업/배너/메인이미지)', '공통_화면등록(눂업/배너/메인이미지)', '고랭지밭_쁝시판_일련번호', '고랭지밭_토지소유뎶황_일련번호', '공통_화면등록(팝업/배너/메인묮미지)', '고랭지밭_꾠작지_번호', '고랭지밭_토뭎소유현황_일련번호', '고랭지밭_쌡시판_일련번호', '게시판_일련번쑍\r\n', '고랭지밭_토지소유현황_곞련번호', '고랭지밭_경작지_번팔', '공통_화면등록(팝업/배너/메인풲미지)', '게시판_일께번호\r\n', '공웇_화면등록(팝업/배너/메인이미지)', '고랭지밭_경작지_즨호', '고랭지밭_게시뷭_일련번호', '고랭지밭_경작지_씷호', '뚌시판_일련번호\r\n', '고랭지밭_경작지_듯호', '고랭지밭_토지소유현롔_일련번호', '공통_화면등록(팝업/배읹/메인이미지)', '공통_화면등삆(팝업/배너/메인이미지)', '고랭지밭_경작지_번꿾', '고랭지밭_뚨지소유현황_일련번호', '고랭지밭_경작지_괏호', '공통_쳣면등록(팝업/배너/메인이미지)', '고랭지밭_토지소유현황_일끝번호', '고랭지밭_토지뢌유현황_일련번호', '게퀪판_일련번호\r\n', '고랭지넦_경작지_번호', '고퉘지밭_게시판_일련번호', '고랭지릢_경작지_번호', '고랭지밭_경작지_번쾹', '롹랭지밭_게시판_일련번호', '텵랭지밭_게시판_일련번호', '공통_화면등록(팝업/배너/닿인이미지)', '고랭지밭_토지소유현황_일련헋호', '고랭지밭_경작텯_번호', '고랭지밭_토지뺥유현황_일련번호', '고랭지밭_게시판_일궡번호', '픊통_화면등록(팝업/배너/메인이미지)', '공통_화면등록(팝업/배너/메인둹미지)', '고랭지밭_게시판_일련번갉', '고랭지샃_경작지_번호', '뫮통_화면등록(팝업/배너/메인이미지)', '툮랭지밭_경작지_번호', '콀통_화면등록(팝업/배너/메인이미지)', '고랭지밭_게시판_꽓련번호', '공통_화면등록(팝풖/배너/메인이미지)', '쐉통_화면등록(팝업/배너/메인이미지)', '공통_화면등록(팝업/배뺫/메인이미지)', '뤋시판_일련번호\r\n', '게시판_뙪련번호\r\n', '고랭지밭_게시판_읷련번호']"
수량,BGN_VLU,"['1031', '10010', '1', '700', '20000', '5001', '400', '10050', '103', '1601', '1', '10001', '108', '1091', '600', '1005', '0', '10002', '0', '601', '0', '160', '0', '1051', '101', '701', '1001', '0', '10002', '10000', '70000', '14000', '0', '141', '103', '1', '10040', '0', '105', '15000', '103', '601', '0', '12000', '1001', '300', '301', '0', '1101', '0', '10900', '1021', '90000', '171', '10500', '191', '500', '1801', '600', '191', '100', '181', '1701', '1041', '190', '80000', '8001', '1', '100', '120', '1501', '10050', '6001', '200', '10000', '0', '40000', '10600', '1', '1', '105', '100', '1081', '10002', '1', '103', '10000', '20000', '1901', '10800', '101', '1031', '0', '0', '10600', '1101', '10010', '400', '101', '701']"
수량,INC_VLU,"['1', '0', '1', '1', '0', '1', '1', '1', '0', '0', '1', '1', '0', '1', '1', '1', '0', '1', '0', '1', '0', '1', '1', '1', '0', '0', '0', '1', '0', '0', '1', '0', '0', '1', '0', '1', '0', '0', '1', '0', '0', '0', '1', '0', '0', '0', '0', '0', '0', '1', '0', '1', '1', '0', '0', '0', '0', '0', '1', '0', '0', '0', '0', '0', '1', '1', '1', '1', '0', '0', '1', '1', '0', '0', '1', '0', '1', '1', '1', '0', '0', '0', '1', '1', '0', '0', '0', '1', '0', '1', '1', '0', '0', '0', '1', '0', '0', '1', '1', '1']"
수량,CUT_VLU,"['32', '111', '5000', '1700', '48', '1000', '1080', '619', '610', '78', '601', '1030', '36', '68', '101', '211', '1008', '48', '1000', '700', '100', '105', '103', '120', '110', '100', '110', '1050', '618', '36', '100', '618', '671', '1600', '211', '0', '101', '616', '101', '111', '311', '1200', '58', '800', '150', '0', '1300', '1', '611', '1000', '3000', '1010', '0', '0', '78', '800', '616', '109', '1600', '38', '180', '651', '1010', '601', '78', '611', '1003', '700', '610', '88', '619', '911', '0', '1008', '6000', '1000', '1002', '1070', '671', '180', '102', '102', '1008', '1010', '1010', '1400', '1060', '618', '711', '0', '4000', '98', '38', '300', '1', '300', '120', '641', '1', '98']"
번호,INP_USR_ID,"['MRG201912', 'MIC201912', 'MIG401912', 'MIG201912', 'MIG201942', 'MIG201912', 'OIG201912', 'MIG201972', 'MIG201913', 'MIG291912', 'MIG201962', 'MIG201212', 'MRG201912', 'MJG201912', 'MIG701912', 'MIG201915', 'MIG001912', 'MIG211912', 'MIG231912', 'MIG201932', 'MIG201918', 'MIG281912', 'MIG201913', 'MIG201512', 'MIG201962', 'IIG201912', 'MIG201922', 'MIG201915', 'MIG201918', 'MIG203912', 'MIG201902', 'MIG901912', 'MIG201412', 'MIG201912', 'MIG203912', 'MQG201912', 'MUG201912', 'KIG201912', 'MIG201917', 'MIB201912', 'MII201912', 'MIG201962', 'MIG101912', 'MIG204912', 'MIG201312', 'MIG201912', 'MIG201912', 'MIG201712', 'MIG901912', 'MIG201512', 'MIL201912', 'MIG221912', 'MRG201912', 'MIN201912', 'MIG201911', 'MIG201912', 'MIG201916', 'MIG201910', 'MIG701912', 'MIE201912', 'MIG201912', 'WIG201912', 'MIG251912', 'MIG202912', 'MIG241912', 'MIG201912', 'MLG201912', 'MIG205912', 'MIG301912', 'MIL201912', 'MIG201912', 'MIG201916', 'MIL201912', 'MIG201916', 'MIG201412', 'MIG221912', 'EIG201912', 'MIG271912', 'HIG201912', 'MIG901912', 'MIG231912', 'MIG231912', 'MRG201912', 'MIG701912', 'RIG201912', 'JIG201912', 'BIG201912', 'NIG201912', 'MIG201917', 'MIG201972', 'MIG201919', 'MIG201942', 'IIG201912', 'YIG201912', 'MIJ201912', 'MIG201912', 'MIG201918', 'MIG201902', 'MIG201912', 'MIG201942']"
